method,epoch,value
Viewing direction,0,0.4927768243487414
Viewing direction,1,0.3465843069698784
Viewing direction,2,0.2830895442933031
Viewing direction,3,0.2890990597799407
Viewing direction,4,0.3003801247602916
Viewing direction,5,0.287636599069691
Viewing direction,6,0.2660800530097141
Viewing direction,7,0.2436060484055981
Viewing direction,8,0.2272600195089456
Viewing direction,9,0.2186395724690519
Viewing direction,10,0.2100698421821423
Viewing direction,11,0.2071144664026625
Viewing direction,12,0.2000661194509423
Viewing direction,13,0.1957501793678259
Viewing direction,14,0.1949735571678564
Viewing direction,15,0.189498834250514
Viewing direction,16,0.1811557918752494
Viewing direction,17,0.1744401838733682
Viewing direction,18,0.1714085703729836
Viewing direction,19,0.1677551815910863
Viewing direction,20,0.1640241475587219
Viewing direction,21,0.1628851642222159
Viewing direction,22,0.1616357713190563
Viewing direction,23,0.1589682640877329
Viewing direction,24,0.1566957588514927
Viewing direction,25,0.1527603115045446
Viewing direction,26,0.1516316238338604
Viewing direction,27,0.1519036362372449
Viewing direction,28,0.1477715419396944
Viewing direction,29,0.1470894862939522
Viewing direction,30,0.1443388093000585
Full SO(3),0,0.5660961896115578
Full SO(3),1,0.3811107590987546
Full SO(3),2,0.3144597640281861
Full SO(3),3,0.3309464037189389
Full SO(3),4,0.3426755989040986
Full SO(3),5,0.3211799290839807
Full SO(3),6,0.293768676068794
Full SO(3),7,0.2679190295726904
Full SO(3),8,0.2449416618973187
Full SO(3),9,0.2396277634587457
Full SO(3),10,0.2328728050794442
Full SO(3),11,0.2311248930755388
Full SO(3),12,0.217650265873132
Full SO(3),13,0.2113203690247001
Full SO(3),14,0.210507620855538
Full SO(3),15,0.2081174907182933
Full SO(3),16,0.1948804480983962
Full SO(3),17,0.1901223325174179
Full SO(3),18,0.1864887865593537
Full SO(3),19,0.1799919739689515
Full SO(3),20,0.1769203773296656
Full SO(3),21,0.1732518127938498
Full SO(3),22,0.1769369718930196
Full SO(3),23,0.1708323789486624
Full SO(3),24,0.1667680558409537
Full SO(3),25,0.1674702308011123
Full SO(3),26,0.1594461306056327
Full SO(3),27,0.1647118428407323
Full SO(3),28,0.1626156613240626
Full SO(3),29,0.1523309442447729
Full SO(3),30,0.1532596115030939
