epoch,angle,seed,particles,evaluation_particles,loss,rmsd_A,pose_deg,pose_p90_deg,raw_pose_deg,aligned_pose_deg,train_loss,seconds,label,source
20.0,0.0,1,50000.0,40000.0,-0.2281006598329544,1.0830245844553754,0.0040779928370649,0.0110249575139045,0.0040779928370649,0.0040779929345252,-0.2277487814950943,29.52572250366211,Original,/media/nyh/Elements/Cryodyna/optpose_release_20260928/full/original/0deg_seed1
20.0,5.0,1,50000.0,40000.0,-0.2243091167449951,1.1455307512236133,4.999999908478184,5.000011986472282,4.999999908478184,5.000186343861975,-0.2239807374048233,29.636605501174927,Original,/media/nyh/Elements/Cryodyna/optpose_release_20260928/full/original/5deg_seed1
20.0,10.0,1,50000.0,40000.0,-0.2143694690704345,1.3336410819365303,10.000000012089105,10.000006070347752,10.000000012089105,10.0003753707625,-0.2137980305528641,29.756654977798465,Original,/media/nyh/Elements/Cryodyna/optpose_release_20260928/full/original/10deg_seed1
20.0,15.0,1,50000.0,40000.0,-0.2016937607717514,1.5721502408377437,15.000000006422002,15.000004044732057,15.000000006422002,15.000569378776964,-0.2011154121541977,29.559314489364624,Original,/media/nyh/Elements/Cryodyna/optpose_release_20260928/full/original/15deg_seed1
20.0,20.0,1,50000.0,40000.0,-0.1873154056644439,2.44578231857759,20.00000000069578,20.000003027182387,20.00000000069578,20.00077132576494,-0.1856031179141998,29.41668128967285,Original,/media/nyh/Elements/Cryodyna/optpose_release_20260928/full/original/20deg_seed1
20.0,0.0,1,50000.0,40000.0,-0.2304181107854843,1.1873180091010973,2.5116550401942668,4.355793963725511,2.5116550401942668,2.5115591693851536,-0.2300017888832092,30.9678418636322,Optpose,/media/nyh/Elements/Cryodyna/optpose_release_20260928/full/opt/0deg_seed1
20.0,5.0,1,50000.0,40000.0,-0.2320918547725677,1.1511897818497456,4.457048466691599,6.819803850971906,4.457048466691599,4.455211237678765,-0.2289922894763946,31.065099000930783,Optpose,/media/nyh/Elements/Cryodyna/optpose_release_20260928/full/opt/5deg_seed1
20.0,10.0,1,50000.0,40000.0,-0.2276541523790359,1.7019889282432403,7.121822787779544,10.47486370485794,7.121822787779544,7.118716517311564,-0.2220488126373291,31.026253938674927,Optpose,/media/nyh/Elements/Cryodyna/optpose_release_20260928/full/opt/10deg_seed1
20.0,15.0,1,50000.0,40000.0,-0.2247355261182785,1.356881172317001,10.270291329656905,14.409288605987529,10.270291329656905,10.265248009092245,-0.2156455762577057,30.9153048992157,Optpose,/media/nyh/Elements/Cryodyna/optpose_release_20260928/full/opt/15deg_seed1
20.0,20.0,1,50000.0,40000.0,-0.2154704743766784,1.714370302809472,14.389819599181516,19.432275073102662,14.389819599181516,14.38482742288576,-0.2026043292045593,31.12645196914673,Optpose,/media/nyh/Elements/Cryodyna/optpose_release_20260928/full/opt/20deg_seed1
