epoch,angle,seed,particles,evaluation_particles,loss,rmsd_A,pose_deg,pose_p90_deg,raw_pose_deg,aligned_pose_deg,train_loss,seconds,method,run
0,0.0,1,50000,40000,-0.1791318051671981,3.528542713303647,0.0040779928370649,0.0110249575139045,0.0040779928370649,0.0040779929345252,,,original,/media/nyh/Elements/Cryodyna/optpose_release_20260928/full/original/0deg_seed1
1,0.0,1,50000,40000,-0.2065733190774917,2.6167580922245706,0.0040779928370649,0.0110249575139045,0.0040779928370649,0.0040779929345252,-0.1965795017623901,30.112643241882324,original,/media/nyh/Elements/Cryodyna/optpose_release_20260928/full/original/0deg_seed1
2,0.0,1,50000,40000,-0.211238727235794,2.359555445772846,0.0040779928370649,0.0110249575139045,0.0040779928370649,0.0040779929345252,-0.2071919989299774,30.066532850265503,original,/media/nyh/Elements/Cryodyna/optpose_release_20260928/full/original/0deg_seed1
3,0.0,1,50000,40000,-0.2148286397123336,2.204329360913425,0.0040779928370649,0.0110249575139045,0.0040779928370649,0.0040779929345252,-0.2118531226158142,30.69123125076294,original,/media/nyh/Elements/Cryodyna/optpose_release_20260928/full/original/0deg_seed1
4,0.0,1,50000,40000,-0.2174929313611984,2.0054119259624708,0.0040779928370649,0.0110249575139045,0.0040779928370649,0.0040779929345252,-0.2147154785394668,30.43697214126587,original,/media/nyh/Elements/Cryodyna/optpose_release_20260928/full/original/0deg_seed1
5,0.0,1,50000,40000,-0.2241309061145782,1.3587610065666558,0.0040779928370649,0.0110249575139045,0.0040779928370649,0.0040779929345252,-0.21986883207798,30.56873083114624,original,/media/nyh/Elements/Cryodyna/optpose_release_20260928/full/original/0deg_seed1
6,0.0,1,50000,40000,-0.2255580345201492,1.2277984626730116,0.0040779928370649,0.0110249575139045,0.0040779928370649,0.0040779929345252,-0.2237392898273468,30.48650074005127,original,/media/nyh/Elements/Cryodyna/optpose_release_20260928/full/original/0deg_seed1
7,0.0,1,50000,40000,-0.2265180625724792,1.1565710421653597,0.0040779928370649,0.0110249575139045,0.0040779928370649,0.0040779929345252,-0.2253276499032974,30.79447603225708,original,/media/nyh/Elements/Cryodyna/optpose_release_20260928/full/original/0deg_seed1
8,0.0,1,50000,40000,-0.2268500253295898,1.1248785789021358,0.0040779928370649,0.0110249575139045,0.0040779928370649,0.0040779929345252,-0.2260971957063675,30.53351473808289,original,/media/nyh/Elements/Cryodyna/optpose_release_20260928/full/original/0deg_seed1
9,0.0,1,50000,40000,-0.227174216837883,1.1216473021361286,0.0040779928370649,0.0110249575139045,0.0040779928370649,0.0040779929345252,-0.2265466956233978,30.448566913604736,original,/media/nyh/Elements/Cryodyna/optpose_release_20260928/full/original/0deg_seed1
10,0.0,1,50000,40000,-0.227286063375473,1.1144242303464147,0.0040779928370649,0.0110249575139045,0.0040779928370649,0.0040779929345252,-0.2268549661159515,30.420371770858765,original,/media/nyh/Elements/Cryodyna/optpose_release_20260928/full/original/0deg_seed1
11,0.0,1,50000,40000,-0.2275160112476348,1.109794261474537,0.0040779928370649,0.0110249575139045,0.0040779928370649,0.0040779929345252,-0.2270142314386367,30.59417605400085,original,/media/nyh/Elements/Cryodyna/optpose_release_20260928/full/original/0deg_seed1
12,0.0,1,50000,40000,-0.2274840160369873,1.1031463706843436,0.0040779928370649,0.0110249575139045,0.0040779928370649,0.0040779929345252,-0.2271390121555328,30.63220596313477,original,/media/nyh/Elements/Cryodyna/optpose_release_20260928/full/original/0deg_seed1
13,0.0,1,50000,40000,-0.2276054427289962,1.1105176156925003,0.0040779928370649,0.0110249575139045,0.0040779928370649,0.0040779929345252,-0.2272417664813995,30.76214098930359,original,/media/nyh/Elements/Cryodyna/optpose_release_20260928/full/original/0deg_seed1
14,0.0,1,50000,40000,-0.227714498591423,1.0976685879322166,0.0040779928370649,0.0110249575139045,0.0040779928370649,0.0040779929345252,-0.2273569512414932,30.674627542495728,original,/media/nyh/Elements/Cryodyna/optpose_release_20260928/full/original/0deg_seed1
15,0.0,1,50000,40000,-0.227720950717926,1.1006840131431146,0.0040779928370649,0.0110249575139045,0.0040779928370649,0.0040779929345252,-0.227402148065567,30.08277463912964,original,/media/nyh/Elements/Cryodyna/optpose_release_20260928/full/original/0deg_seed1
16,0.0,1,50000,40000,-0.2278049764060974,1.0913132522489286,0.0040779928370649,0.0110249575139045,0.0040779928370649,0.0040779929345252,-0.2275101686573028,29.63875436782837,original,/media/nyh/Elements/Cryodyna/optpose_release_20260928/full/original/0deg_seed1
17,0.0,1,50000,40000,-0.2279503226089477,1.0945854221362108,0.0040779928370649,0.0110249575139045,0.0040779928370649,0.0040779929345252,-0.2275832231855392,29.568671703338623,original,/media/nyh/Elements/Cryodyna/optpose_release_20260928/full/original/0deg_seed1
18,0.0,1,50000,40000,-0.2279219257497787,1.0854125077266203,0.0040779928370649,0.0110249575139045,0.0040779928370649,0.0040779929345252,-0.2276527150249481,29.548067569732662,original,/media/nyh/Elements/Cryodyna/optpose_release_20260928/full/original/0deg_seed1
19,0.0,1,50000,40000,-0.2279384019470214,1.0930522846416018,0.0040779928370649,0.0110249575139045,0.0040779928370649,0.0040779929345252,-0.227598576259613,29.507095098495483,original,/media/nyh/Elements/Cryodyna/optpose_release_20260928/full/original/0deg_seed1
20,0.0,1,50000,40000,-0.2281006598329544,1.0830245844553754,0.0040779928370649,0.0110249575139045,0.0040779928370649,0.0040779929345252,-0.2277487814950943,29.52572250366211,original,/media/nyh/Elements/Cryodyna/optpose_release_20260928/full/original/0deg_seed1
0,5.0,1,50000,40000,-0.1765380442237854,3.528542713308287,4.999999908478184,5.000011986472282,4.999999908478184,5.000186343861975,,,original,/media/nyh/Elements/Cryodyna/optpose_release_20260928/full/original/5deg_seed1
1,5.0,1,50000,40000,-0.2031425823020935,2.6333115587704743,4.999999908478184,5.000011986472282,4.999999908478184,5.000186343861975,-0.1935024379587173,29.69359755516052,original,/media/nyh/Elements/Cryodyna/optpose_release_20260928/full/original/5deg_seed1
2,5.0,1,50000,40000,-0.2073626002216339,2.420132575598441,4.999999908478184,5.000011986472282,4.999999908478184,5.000186343861975,-0.2039347816562652,29.48490047454834,original,/media/nyh/Elements/Cryodyna/optpose_release_20260928/full/original/5deg_seed1
3,5.0,1,50000,40000,-0.2090212468862533,2.360568311708626,4.999999908478184,5.000011986472282,4.999999908478184,5.000186343861975,-0.2085592131328582,29.687491416931152,original,/media/nyh/Elements/Cryodyna/optpose_release_20260928/full/original/5deg_seed1
4,5.0,1,50000,40000,-0.2126266340446472,2.162064632442795,4.999999908478184,5.000011986472282,4.999999908478184,5.000186343861975,-0.2109376317834854,29.696895599365234,original,/media/nyh/Elements/Cryodyna/optpose_release_20260928/full/original/5deg_seed1
5,5.0,1,50000,40000,-0.215701700425148,1.9648980284781952,4.999999908478184,5.000011986472282,4.999999908478184,5.000186343861975,-0.212925632982254,29.576505422592163,original,/media/nyh/Elements/Cryodyna/optpose_release_20260928/full/original/5deg_seed1
6,5.0,1,50000,40000,-0.219350179195404,1.6899958672836928,4.999999908478184,5.000011986472282,4.999999908478184,5.000186343861975,-0.2157144516181945,29.8931896686554,original,/media/nyh/Elements/Cryodyna/optpose_release_20260928/full/original/5deg_seed1
7,5.0,1,50000,40000,-0.2212014284849167,1.4844123789199044,4.999999908478184,5.000011986472282,4.999999908478184,5.000186343861975,-0.219055627708435,29.792595148086548,original,/media/nyh/Elements/Cryodyna/optpose_release_20260928/full/original/5deg_seed1
8,5.0,1,50000,40000,-0.2201707534694671,1.4982735191882903,4.999999908478184,5.000011986472282,4.999999908478184,5.000186343861975,-0.2200165346527099,29.61652636528015,original,/media/nyh/Elements/Cryodyna/optpose_release_20260928/full/original/5deg_seed1
9,5.0,1,50000,40000,-0.2223413176298141,1.3372558423262395,4.999999908478184,5.000011986472282,4.999999908478184,5.000186343861975,-0.221165267047882,29.521826028823853,original,/media/nyh/Elements/Cryodyna/optpose_release_20260928/full/original/5deg_seed1
10,5.0,1,50000,40000,-0.2229593390750885,1.2457940862627987,4.999999908478184,5.000011986472282,4.999999908478184,5.000186343861975,-0.2220471922636032,29.78064703941345,original,/media/nyh/Elements/Cryodyna/optpose_release_20260928/full/original/5deg_seed1
11,5.0,1,50000,40000,-0.2234189056921005,1.200089868820454,4.999999908478184,5.000011986472282,4.999999908478184,5.000186343861975,-0.2227008418703079,29.64708995819092,original,/media/nyh/Elements/Cryodyna/optpose_release_20260928/full/original/5deg_seed1
12,5.0,1,50000,40000,-0.2235434811496734,1.1738501106269992,4.999999908478184,5.000011986472282,4.999999908478184,5.000186343861975,-0.223051788945198,29.80652904510498,original,/media/nyh/Elements/Cryodyna/optpose_release_20260928/full/original/5deg_seed1
13,5.0,1,50000,40000,-0.2237569812774658,1.170683244979755,4.999999908478184,5.000011986472282,4.999999908478184,5.000186343861975,-0.2232963613414764,29.45693588256836,original,/media/nyh/Elements/Cryodyna/optpose_release_20260928/full/original/5deg_seed1
14,5.0,1,50000,40000,-0.2235618455076217,1.1715056149130492,4.999999908478184,5.000011986472282,4.999999908478184,5.000186343861975,-0.2228896445846557,29.833292722702023,original,/media/nyh/Elements/Cryodyna/optpose_release_20260928/full/original/5deg_seed1
15,5.0,1,50000,40000,-0.2238477085113525,1.1606161458188482,4.999999908478184,5.000011986472282,4.999999908478184,5.000186343861975,-0.2235195264434814,29.574301719665527,original,/media/nyh/Elements/Cryodyna/optpose_release_20260928/full/original/5deg_seed1
16,5.0,1,50000,40000,-0.2239677480602264,1.1482365339289518,4.999999908478184,5.000011986472282,4.999999908478184,5.000186343861975,-0.2237177891302108,29.717942476272583,original,/media/nyh/Elements/Cryodyna/optpose_release_20260928/full/original/5deg_seed1
17,5.0,1,50000,40000,-0.2241061617469787,1.1487771183032387,4.999999908478184,5.000011986472282,4.999999908478184,5.000186343861975,-0.2238222182750701,29.577688694000244,original,/media/nyh/Elements/Cryodyna/optpose_release_20260928/full/original/5deg_seed1
18,5.0,1,50000,40000,-0.2241369583511352,1.1460385198927194,4.999999908478184,5.000011986472282,4.999999908478184,5.000186343861975,-0.2238724965906143,29.78857421875,original,/media/nyh/Elements/Cryodyna/optpose_release_20260928/full/original/5deg_seed1
19,5.0,1,50000,40000,-0.2242188915491104,1.1510728538250976,4.999999908478184,5.000011986472282,4.999999908478184,5.000186343861975,-0.2239080063867569,29.677610874176025,original,/media/nyh/Elements/Cryodyna/optpose_release_20260928/full/original/5deg_seed1
20,5.0,1,50000,40000,-0.2243091167449951,1.1455307512236133,4.999999908478184,5.000011986472282,4.999999908478184,5.000186343861975,-0.2239807374048233,29.636605501174927,original,/media/nyh/Elements/Cryodyna/optpose_release_20260928/full/original/5deg_seed1
0,10.0,1,50000,40000,-0.1695814662742614,3.5285427133077727,10.000000012089105,10.000006070347752,10.000000012089105,10.0003753707625,,,original,/media/nyh/Elements/Cryodyna/optpose_release_20260928/full/original/10deg_seed1
1,10.0,1,50000,40000,-0.1938898326301574,2.6849384658214857,10.000000012089105,10.000006070347752,10.000000012089105,10.0003753707625,-0.1849189599752426,29.284804105758667,original,/media/nyh/Elements/Cryodyna/optpose_release_20260928/full/original/10deg_seed1
2,10.0,1,50000,40000,-0.1980133462762832,2.4895488888643955,10.000000012089105,10.000006070347752,10.000000012089105,10.0003753707625,-0.1945776823949813,29.443745374679565,original,/media/nyh/Elements/Cryodyna/optpose_release_20260928/full/original/10deg_seed1
3,10.0,1,50000,40000,-0.202194792637825,2.318065269282936,10.000000012089105,10.000006070347752,10.000000012089105,10.0003753707625,-0.1992229427528381,29.612332582473755,original,/media/nyh/Elements/Cryodyna/optpose_release_20260928/full/original/10deg_seed1
4,10.0,1,50000,40000,-0.2042361795425415,2.2084301162747537,10.000000012089105,10.000006070347752,10.000000012089105,10.0003753707625,-0.2015192437839508,29.45019149780273,original,/media/nyh/Elements/Cryodyna/optpose_release_20260928/full/original/10deg_seed1
5,10.0,1,50000,40000,-0.2074823143482208,1.9334144181096315,10.000000012089105,10.000006070347752,10.000000012089105,10.0003753707625,-0.2041249555015564,29.487226963043213,original,/media/nyh/Elements/Cryodyna/optpose_release_20260928/full/original/10deg_seed1
6,10.0,1,50000,40000,-0.2106815457201004,1.6160271782891753,10.000000012089105,10.000006070347752,10.000000012089105,10.0003753707625,-0.2074355949926376,29.619897603988647,original,/media/nyh/Elements/Cryodyna/optpose_release_20260928/full/original/10deg_seed1
7,10.0,1,50000,40000,-0.2120728927707672,1.4733369640017795,10.000000012089105,10.000006070347752,10.000000012089105,10.0003753707625,-0.210023053445816,29.613462924957275,original,/media/nyh/Elements/Cryodyna/optpose_release_20260928/full/original/10deg_seed1
8,10.0,1,50000,40000,-0.2125888532495498,1.408913513565536,10.000000012089105,10.000006070347752,10.000000012089105,10.0003753707625,-0.2113842823696136,29.560729265213013,original,/media/nyh/Elements/Cryodyna/optpose_release_20260928/full/original/10deg_seed1
9,10.0,1,50000,40000,-0.2131261977815628,1.38319390934169,10.000000012089105,10.000006070347752,10.000000012089105,10.0003753707625,-0.2120131261730194,29.680203676223755,original,/media/nyh/Elements/Cryodyna/optpose_release_20260928/full/original/10deg_seed1
10,10.0,1,50000,40000,-0.2133065723514557,1.3517182657093985,10.000000012089105,10.000006070347752,10.000000012089105,10.0003753707625,-0.2126850833082199,29.48266696929932,original,/media/nyh/Elements/Cryodyna/optpose_release_20260928/full/original/10deg_seed1
11,10.0,1,50000,40000,-0.2136824262571335,1.349521860998389,10.000000012089105,10.000006070347752,10.000000012089105,10.0003753707625,-0.2130179575014114,29.747711420059204,original,/media/nyh/Elements/Cryodyna/optpose_release_20260928/full/original/10deg_seed1
12,10.0,1,50000,40000,-0.2137579754686355,1.3386429029798006,10.000000012089105,10.000006070347752,10.000000012089105,10.0003753707625,-0.213246527686119,29.7088303565979,original,/media/nyh/Elements/Cryodyna/optpose_release_20260928/full/original/10deg_seed1
13,10.0,1,50000,40000,-0.2139474562311172,1.3314959051455804,10.000000012089105,10.000006070347752,10.000000012089105,10.0003753707625,-0.213327133359909,29.7043719291687,original,/media/nyh/Elements/Cryodyna/optpose_release_20260928/full/original/10deg_seed1
14,10.0,1,50000,40000,-0.213965539894104,1.3263575311586795,10.000000012089105,10.000006070347752,10.000000012089105,10.0003753707625,-0.2135680050659179,29.707908153533936,original,/media/nyh/Elements/Cryodyna/optpose_release_20260928/full/original/10deg_seed1
15,10.0,1,50000,40000,-0.2141320595741272,1.3354540611053414,10.000000012089105,10.000006070347752,10.000000012089105,10.0003753707625,-0.2137202119207382,29.59594941139221,original,/media/nyh/Elements/Cryodyna/optpose_release_20260928/full/original/10deg_seed1
16,10.0,1,50000,40000,-0.214172563381195,1.3227902299231624,10.000000012089105,10.000006070347752,10.000000012089105,10.0003753707625,-0.2136399781274795,29.78615713119507,original,/media/nyh/Elements/Cryodyna/optpose_release_20260928/full/original/10deg_seed1
17,10.0,1,50000,40000,-0.2142701600074768,1.325821496844369,10.000000012089105,10.000006070347752,10.000000012089105,10.0003753707625,-0.2138397929286956,29.56718158721924,original,/media/nyh/Elements/Cryodyna/optpose_release_20260928/full/original/10deg_seed1
18,10.0,1,50000,40000,-0.2144270399475097,1.320333132378562,10.000000012089105,10.000006070347752,10.000000012089105,10.0003753707625,-0.2139575195741653,29.765488862991333,original,/media/nyh/Elements/Cryodyna/optpose_release_20260928/full/original/10deg_seed1
19,10.0,1,50000,40000,-0.2144454130411148,1.3122300823547552,10.000000012089105,10.000006070347752,10.000000012089105,10.0003753707625,-0.2140213815927505,29.709033727645878,original,/media/nyh/Elements/Cryodyna/optpose_release_20260928/full/original/10deg_seed1
20,10.0,1,50000,40000,-0.2143694690704345,1.3336410819365303,10.000000012089105,10.000006070347752,10.000000012089105,10.0003753707625,-0.2137980305528641,29.756654977798465,original,/media/nyh/Elements/Cryodyna/optpose_release_20260928/full/original/10deg_seed1
0,15.0,1,50000,40000,-0.1601450085306167,3.5285427132924307,15.000000006422002,15.000004044732057,15.000000006422002,15.000569378776964,,,original,/media/nyh/Elements/Cryodyna/optpose_release_20260928/full/original/15deg_seed1
1,15.0,1,50000,40000,-0.1819151818609237,2.7267732869279406,15.000000006422002,15.000004044732057,15.000000006422002,15.000569378776964,-0.1735456789112091,29.42819309234619,original,/media/nyh/Elements/Cryodyna/optpose_release_20260928/full/original/15deg_seed1
2,15.0,1,50000,40000,-0.1864810469865798,2.597175172032142,15.000000006422002,15.000004044732057,15.000000006422002,15.000569378776964,-0.1823590038537979,29.578031063079838,original,/media/nyh/Elements/Cryodyna/optpose_release_20260928/full/original/15deg_seed1
3,15.0,1,50000,40000,-0.1894187553453445,2.519101609197705,15.000000006422002,15.000004044732057,15.000000006422002,15.000569378776964,-0.1868269658184051,29.386862754821777,original,/media/nyh/Elements/Cryodyna/optpose_release_20260928/full/original/15deg_seed1
4,15.0,1,50000,40000,-0.1913059748077392,2.4505093188270437,15.000000006422002,15.000004044732057,15.000000006422002,15.000569378776964,-0.189412021780014,29.76273488998413,original,/media/nyh/Elements/Cryodyna/optpose_release_20260928/full/original/15deg_seed1
5,15.0,1,50000,40000,-0.1920759608316421,2.449848723482287,15.000000006422002,15.000004044732057,15.000000006422002,15.000569378776964,-0.1905009009552002,29.473140478134155,original,/media/nyh/Elements/Cryodyna/optpose_release_20260928/full/original/15deg_seed1
6,15.0,1,50000,40000,-0.1934570628023147,2.3544112946064804,15.000000006422002,15.000004044732057,15.000000006422002,15.000569378776964,-0.1921114408540725,29.717586517333984,original,/media/nyh/Elements/Cryodyna/optpose_release_20260928/full/original/15deg_seed1
7,15.0,1,50000,40000,-0.1947589954328537,2.240355425378893,15.000000006422002,15.000004044732057,15.000000006422002,15.000569378776964,-0.1923480353450775,29.77996516227722,original,/media/nyh/Elements/Cryodyna/optpose_release_20260928/full/original/15deg_seed1
8,15.0,1,50000,40000,-0.1977287274265289,1.8500651920710172,15.000000006422002,15.000004044732057,15.000000006422002,15.000569378776964,-0.1951728769683837,29.60916757583618,original,/media/nyh/Elements/Cryodyna/optpose_release_20260928/full/original/15deg_seed1
9,15.0,1,50000,40000,-0.1982890429544448,1.7364531434714794,15.000000006422002,15.000004044732057,15.000000006422002,15.000569378776964,-0.1972173387193679,29.64122414588928,original,/media/nyh/Elements/Cryodyna/optpose_release_20260928/full/original/15deg_seed1
10,15.0,1,50000,40000,-0.1997821694898605,1.6019375313953328,15.000000006422002,15.000004044732057,15.000000006422002,15.000569378776964,-0.1983094098615646,29.583068132400516,original,/media/nyh/Elements/Cryodyna/optpose_release_20260928/full/original/15deg_seed1
11,15.0,1,50000,40000,-0.2000487006473541,1.5972203868956845,15.000000006422002,15.000004044732057,15.000000006422002,15.000569378776964,-0.1991710992002487,29.676928997039795,original,/media/nyh/Elements/Cryodyna/optpose_release_20260928/full/original/15deg_seed1
12,15.0,1,50000,40000,-0.2002465030479431,1.57765407022787,15.000000006422002,15.000004044732057,15.000000006422002,15.000569378776964,-0.1995951919555664,29.643670558929443,original,/media/nyh/Elements/Cryodyna/optpose_release_20260928/full/original/15deg_seed1
13,15.0,1,50000,40000,-0.2006737815475464,1.56553406529373,15.000000006422002,15.000004044732057,15.000000006422002,15.000569378776964,-0.1999854740905761,29.707118034362797,original,/media/nyh/Elements/Cryodyna/optpose_release_20260928/full/original/15deg_seed1
14,15.0,1,50000,40000,-0.2008205808544159,1.5647388620328817,15.000000006422002,15.000004044732057,15.000000006422002,15.000569378776964,-0.200183888835907,29.50817847251892,original,/media/nyh/Elements/Cryodyna/optpose_release_20260928/full/original/15deg_seed1
15,15.0,1,50000,40000,-0.2010192991113662,1.5612620179730858,15.000000006422002,15.000004044732057,15.000000006422002,15.000569378776964,-0.2005046323871612,29.750367164611816,original,/media/nyh/Elements/Cryodyna/optpose_release_20260928/full/original/15deg_seed1
16,15.0,1,50000,40000,-0.2008891396903991,1.5825637453974493,15.000000006422002,15.000004044732057,15.000000006422002,15.000569378776964,-0.1990128044939041,29.814125776290894,original,/media/nyh/Elements/Cryodyna/optpose_release_20260928/full/original/15deg_seed1
17,15.0,1,50000,40000,-0.2011869771718979,1.5696406863549854,15.000000006422002,15.000004044732057,15.000000006422002,15.000569378776964,-0.2005397624063492,29.582514762878414,original,/media/nyh/Elements/Cryodyna/optpose_release_20260928/full/original/15deg_seed1
18,15.0,1,50000,40000,-0.2013821188306808,1.565709900963504,15.000000006422002,15.000004044732057,15.000000006422002,15.000569378776964,-0.2008099428844452,29.6685733795166,original,/media/nyh/Elements/Cryodyna/optpose_release_20260928/full/original/15deg_seed1
19,15.0,1,50000,40000,-0.2015080605983734,1.5975023806002646,15.000000006422002,15.000004044732057,15.000000006422002,15.000569378776964,-0.2009742373752594,29.831733465194706,original,/media/nyh/Elements/Cryodyna/optpose_release_20260928/full/original/15deg_seed1
20,15.0,1,50000,40000,-0.2016937607717514,1.5721502408377437,15.000000006422002,15.000004044732057,15.000000006422002,15.000569378776964,-0.2011154121541977,29.559314489364624,original,/media/nyh/Elements/Cryodyna/optpose_release_20260928/full/original/15deg_seed1
0,20.0,1,50000,40000,-0.1500766738986969,3.5285427133422336,20.00000000069578,20.000003027182387,20.00000000069578,20.00077132576494,,,original,/media/nyh/Elements/Cryodyna/optpose_release_20260928/full/original/20deg_seed1
1,20.0,1,50000,40000,-0.1688614144325256,2.7833307771640827,20.00000000069578,20.000003027182387,20.00000000069578,20.00077132576494,-0.1612669052696228,30.105843544006348,original,/media/nyh/Elements/Cryodyna/optpose_release_20260928/full/original/20deg_seed1
2,20.0,1,50000,40000,-0.1737002686405181,2.674110453158069,20.00000000069578,20.000003027182387,20.00000000069578,20.00077132576494,-0.1692610139656067,29.577191591262817,original,/media/nyh/Elements/Cryodyna/optpose_release_20260928/full/original/20deg_seed1
3,20.0,1,50000,40000,-0.176700589556694,2.6459321367755297,20.00000000069578,20.000003027182387,20.00000000069578,20.00077132576494,-0.1738626183128357,29.33783984184265,original,/media/nyh/Elements/Cryodyna/optpose_release_20260928/full/original/20deg_seed1
4,20.0,1,50000,40000,-0.178532727560997,2.593089403890988,20.00000000069578,20.000003027182387,20.00000000069578,20.00077132576494,-0.176675266919136,29.58456015586853,original,/media/nyh/Elements/Cryodyna/optpose_release_20260928/full/original/20deg_seed1
5,20.0,1,50000,40000,-0.1796156744623184,2.5999265615349945,20.00000000069578,20.000003027182387,20.00000000069578,20.00077132576494,-0.178140077753067,29.78536891937256,original,/media/nyh/Elements/Cryodyna/optpose_release_20260928/full/original/20deg_seed1
6,20.0,1,50000,40000,-0.1804216841173172,2.5763120905638908,20.00000000069578,20.000003027182387,20.00000000069578,20.00077132576494,-0.1792784531164169,29.37281823158264,original,/media/nyh/Elements/Cryodyna/optpose_release_20260928/full/original/20deg_seed1
7,20.0,1,50000,40000,-0.1809082071590423,2.5803651479648364,20.00000000069578,20.000003027182387,20.00000000069578,20.00077132576494,-0.1797991180467605,29.90294623374939,original,/media/nyh/Elements/Cryodyna/optpose_release_20260928/full/original/20deg_seed1
8,20.0,1,50000,40000,-0.1815351004171371,2.5519215901230297,20.00000000069578,20.000003027182387,20.00000000069578,20.00077132576494,-0.1807260147047042,29.804967641830444,original,/media/nyh/Elements/Cryodyna/optpose_release_20260928/full/original/20deg_seed1
9,20.0,1,50000,40000,-0.1819101609420776,2.545136209881289,20.00000000069578,20.000003027182387,20.00000000069578,20.00077132576494,-0.1808739043617248,29.689444303512573,original,/media/nyh/Elements/Cryodyna/optpose_release_20260928/full/original/20deg_seed1
10,20.0,1,50000,40000,-0.1824120025300979,2.524524335800296,20.00000000069578,20.000003027182387,20.00000000069578,20.00077132576494,-0.181543091340065,29.79609251022339,original,/media/nyh/Elements/Cryodyna/optpose_release_20260928/full/original/20deg_seed1
11,20.0,1,50000,40000,-0.1828517623090744,2.501088312974929,20.00000000069578,20.000003027182387,20.00000000069578,20.00077132576494,-0.1819801777601242,29.62997055053711,original,/media/nyh/Elements/Cryodyna/optpose_release_20260928/full/original/20deg_seed1
12,20.0,1,50000,40000,-0.1833377825641632,2.477337403327111,20.00000000069578,20.000003027182387,20.00000000069578,20.00077132576494,-0.1824607885551452,29.39556908607483,original,/media/nyh/Elements/Cryodyna/optpose_release_20260928/full/original/20deg_seed1
13,20.0,1,50000,40000,-0.183386619310379,2.504172029302783,20.00000000069578,20.000003027182387,20.00000000069578,20.00077132576494,-0.1821859063100814,29.42565155029297,original,/media/nyh/Elements/Cryodyna/optpose_release_20260928/full/original/20deg_seed1
14,20.0,1,50000,40000,-0.1817274050045013,2.560879219048782,20.00000000069578,20.000003027182387,20.00000000069578,20.00077132576494,-0.1823390702581405,29.57615900039673,original,/media/nyh/Elements/Cryodyna/optpose_release_20260928/full/original/20deg_seed1
15,20.0,1,50000,40000,-0.1842432897615432,2.49242637736781,20.00000000069578,20.000003027182387,20.00000000069578,20.00077132576494,-0.1829432641601562,29.46806287765503,original,/media/nyh/Elements/Cryodyna/optpose_release_20260928/full/original/20deg_seed1
16,20.0,1,50000,40000,-0.184949791970253,2.4734908288410544,20.00000000069578,20.000003027182387,20.00000000069578,20.00077132576494,-0.1838699391412735,29.4323205947876,original,/media/nyh/Elements/Cryodyna/optpose_release_20260928/full/original/20deg_seed1
17,20.0,1,50000,40000,-0.1845809315490722,2.500831317303088,20.00000000069578,20.000003027182387,20.00000000069578,20.00077132576494,-0.1815966644859314,29.325027227401733,original,/media/nyh/Elements/Cryodyna/optpose_release_20260928/full/original/20deg_seed1
18,20.0,1,50000,40000,-0.1857263299131393,2.4743064341397347,20.00000000069578,20.000003027182387,20.00000000069578,20.00077132576494,-0.1841433647537231,29.21980118751526,original,/media/nyh/Elements/Cryodyna/optpose_release_20260928/full/original/20deg_seed1
19,20.0,1,50000,40000,-0.1865615728092193,2.465254512099153,20.00000000069578,20.000003027182387,20.00000000069578,20.00077132576494,-0.1850901886415481,29.470303297042847,original,/media/nyh/Elements/Cryodyna/optpose_release_20260928/full/original/20deg_seed1
20,20.0,1,50000,40000,-0.1873154056644439,2.44578231857759,20.00000000069578,20.000003027182387,20.00000000069578,20.00077132576494,-0.1856031179141998,29.41668128967285,original,/media/nyh/Elements/Cryodyna/optpose_release_20260928/full/original/20deg_seed1
0,0.0,1,50000,40000,-0.1791318050527572,3.5285427133262006,0.0040779928370649,0.0110249575139045,0.0040779928370649,0.0040779929345252,,,opt,/media/nyh/Elements/Cryodyna/optpose_release_20260928/full/opt/0deg_seed1
1,0.0,1,50000,40000,-0.2063827980613708,2.628853771883165,0.072521499816188,0.0857390291145287,0.072521499816188,0.072530311843886,-0.1965052059459686,30.94288825988769,opt,/media/nyh/Elements/Cryodyna/optpose_release_20260928/full/opt/0deg_seed1
2,0.0,1,50000,40000,-0.2107859281921386,2.4073176905731724,0.0245332961216895,0.0313880884928227,0.0245332961216895,0.0245324352078147,-0.206975268740654,30.6483416557312,opt,/media/nyh/Elements/Cryodyna/optpose_release_20260928/full/opt/0deg_seed1
3,0.0,1,50000,40000,-0.2145102079677582,2.2191970524336413,0.0481695095070777,0.0594983908993324,0.0481695095070777,0.0481708529575659,-0.2119731885957718,30.91741156578064,opt,/media/nyh/Elements/Cryodyna/optpose_release_20260928/full/opt/0deg_seed1
4,0.0,1,50000,40000,-0.2188332557296753,1.8663158020190331,0.0448323997440501,0.0549919920386041,0.0448323997440501,0.044830937310879,-0.2149768872547149,30.75993752479553,opt,/media/nyh/Elements/Cryodyna/optpose_release_20260928/full/opt/0deg_seed1
5,0.0,1,50000,40000,-0.2240577072715759,1.364935179520364,0.0690698963665416,0.1141309846362495,0.0690698963665416,0.0690693149194799,-0.2202159527635574,30.596750497817997,opt,/media/nyh/Elements/Cryodyna/optpose_release_20260928/full/opt/0deg_seed1
6,0.0,1,50000,40000,-0.2254892715120315,1.2362276528593683,0.0736782627423211,0.1101823767664584,0.0736782627423211,0.0737073919146713,-0.2236863148212433,30.80369544029236,opt,/media/nyh/Elements/Cryodyna/optpose_release_20260928/full/opt/0deg_seed1
7,0.0,1,50000,40000,-0.2264737517213821,1.169550424330837,0.0328289831462165,0.0521395487280378,0.0328289831462165,0.032829397709726,-0.2251728656578064,30.89947462081909,opt,/media/nyh/Elements/Cryodyna/optpose_release_20260928/full/opt/0deg_seed1
8,0.0,1,50000,40000,-0.2268284923315048,1.1483359111022349,0.0676115051614062,0.0712340609629556,0.0676115051614062,0.0676180436126697,-0.2259664670324325,30.93364906311035,opt,/media/nyh/Elements/Cryodyna/optpose_release_20260928/full/opt/0deg_seed1
9,0.0,1,50000,40000,-0.2270349699449539,1.1382583757969555,0.1215417320815696,0.1253998669015669,0.1215417320815696,0.1216191904061252,-0.2265019878721237,30.961212873458862,opt,/media/nyh/Elements/Cryodyna/optpose_release_20260928/full/opt/0deg_seed1
10,0.0,1,50000,40000,-0.2271768893718719,1.1293073937045883,0.105129538457651,0.1091757275336046,0.105129538457651,0.1051715602702105,-0.2267767163515091,30.77124786376953,opt,/media/nyh/Elements/Cryodyna/optpose_release_20260928/full/opt/0deg_seed1
11,0.0,1,50000,40000,-0.2274162258481979,1.1245517219069383,0.1237357304358838,0.2228782000152639,0.1237357304358838,0.1238783965321911,-0.2268601449012756,30.891559839248657,opt,/media/nyh/Elements/Cryodyna/optpose_release_20260928/full/opt/0deg_seed1
12,0.0,1,50000,40000,-0.2274687967586517,1.1187297638055247,0.1833928184327728,0.2909103709004222,0.1833928184327728,0.1834664094777172,-0.2270597941541672,30.529972314834595,opt,/media/nyh/Elements/Cryodyna/optpose_release_20260928/full/opt/0deg_seed1
13,0.0,1,50000,40000,-0.2277378511285782,1.1264443744960675,0.2425695059929095,0.3753473770030156,0.2425695059929095,0.2428884029807042,-0.2272421512937545,30.827903985977173,opt,/media/nyh/Elements/Cryodyna/optpose_release_20260928/full/opt/0deg_seed1
14,0.0,1,50000,40000,-0.2280157185077667,1.110969721593151,0.3832194255204693,1.0333099255389284,0.3832194255204693,0.3839729176709003,-0.2274055734205246,30.916489124298096,opt,/media/nyh/Elements/Cryodyna/optpose_release_20260928/full/opt/0deg_seed1
15,0.0,1,50000,40000,-0.2282860660266876,1.1097060380086474,0.5859195127165187,1.9174106062576908,0.5859195127165187,0.5866922032781043,-0.2276287442493438,30.99986219406128,opt,/media/nyh/Elements/Cryodyna/optpose_release_20260928/full/opt/0deg_seed1
16,0.0,1,50000,40000,-0.2289463230371475,1.1004276171715537,0.9163807197251488,2.381802746695473,0.9163807197251488,0.9164616550600808,-0.227931207947731,30.978085041046143,opt,/media/nyh/Elements/Cryodyna/optpose_release_20260928/full/opt/0deg_seed1
17,0.0,1,50000,40000,-0.2299051190900802,1.106387856604308,1.5617379948611092,3.262055795723293,1.5617379948611092,1.5619993461383073,-0.2284977719974517,30.84514355659485,opt,/media/nyh/Elements/Cryodyna/optpose_release_20260928/full/opt/0deg_seed1
18,0.0,1,50000,40000,-0.2307548463106155,1.0994343482996285,1.932077563923656,3.614121618257535,1.932077563923656,1.9321186725941344,-0.2291326419258117,30.955307722091675,opt,/media/nyh/Elements/Cryodyna/optpose_release_20260928/full/opt/0deg_seed1
19,0.0,1,50000,40000,-0.2313299624300003,1.1041668791047154,2.2680340464833475,3.984492276829904,2.2680340464833475,2.2678836018155475,-0.2297196680116653,30.90417766571045,opt,/media/nyh/Elements/Cryodyna/optpose_release_20260928/full/opt/0deg_seed1
20,0.0,1,50000,40000,-0.2304181107854843,1.1873180091010973,2.5116550401942668,4.355793963725511,2.5116550401942668,2.5115591693851536,-0.2300017888832092,30.9678418636322,opt,/media/nyh/Elements/Cryodyna/optpose_release_20260928/full/opt/0deg_seed1
0,5.0,1,50000,40000,-0.1765380445098877,3.528542713277575,4.999999908478184,5.000011986472282,4.999999908478184,5.000186343861975,,,opt,/media/nyh/Elements/Cryodyna/optpose_release_20260928/full/opt/5deg_seed1
1,5.0,1,50000,40000,-0.2029640421152115,2.6416014675304837,5.000201087505028,5.064677674009805,5.000201087505028,5.000396403158523,-0.1934238658285141,30.73356795310974,opt,/media/nyh/Elements/Cryodyna/optpose_release_20260928/full/opt/5deg_seed1
2,5.0,1,50000,40000,-0.207715758895874,2.393226187485014,5.000001407273726,5.021297368764381,5.000001407273726,5.000189447129676,-0.2039897868061065,31.04416847229004,opt,/media/nyh/Elements/Cryodyna/optpose_release_20260928/full/opt/5deg_seed1
3,5.0,1,50000,40000,-0.2117772523450851,2.1932269229037016,5.000425754121567,5.0480466532678285,5.000425754121567,5.000611220898892,-0.2088431855726242,30.63382363319397,opt,/media/nyh/Elements/Cryodyna/optpose_release_20260928/full/opt/5deg_seed1
4,5.0,1,50000,40000,-0.2162827772283554,1.8244160815529689,5.000419138152768,5.0519297055452,5.000419138152768,5.000599385721524,-0.2117722052383422,30.77000379562378,opt,/media/nyh/Elements/Cryodyna/optpose_release_20260928/full/opt/5deg_seed1
5,5.0,1,50000,40000,-0.2203723102664947,1.4008364961883224,5.00124114334339,5.119158528244949,5.00124114334339,5.001436374571286,-0.2171727563905716,30.95568037033081,opt,/media/nyh/Elements/Cryodyna/optpose_release_20260928/full/opt/5deg_seed1
6,5.0,1,50000,40000,-0.2215897584056854,1.2920903060281188,4.999678325979301,5.048887395515952,4.999678325979301,4.999869739744138,-0.2200025251054763,31.251904249191284,opt,/media/nyh/Elements/Cryodyna/optpose_release_20260928/full/opt/5deg_seed1
7,5.0,1,50000,40000,-0.2226076852512359,1.2212738898776123,4.9995133837073285,5.021559942852954,4.9995133837073285,4.999701849032611,-0.2213694798469543,31.078770637512207,opt,/media/nyh/Elements/Cryodyna/optpose_release_20260928/full/opt/5deg_seed1
8,5.0,1,50000,40000,-0.2229814158773422,1.1909721412279173,4.998224011128596,5.034101966453592,4.998224011128596,4.998426200572012,-0.2221209683227539,31.02211570739746,opt,/media/nyh/Elements/Cryodyna/optpose_release_20260928/full/opt/5deg_seed1
9,5.0,1,50000,40000,-0.2233684643697738,1.163423823027958,4.998841196888333,5.065849412008145,4.998841196888333,4.999065621198953,-0.2224685107564926,31.058614015579224,opt,/media/nyh/Elements/Cryodyna/optpose_release_20260928/full/opt/5deg_seed1
10,5.0,1,50000,40000,-0.2234948677587509,1.1627346145744302,4.993411892869568,5.053196035870535,4.993411892869568,4.993650099104958,-0.2229028620195388,31.25582695007324,opt,/media/nyh/Elements/Cryodyna/optpose_release_20260928/full/opt/5deg_seed1
11,5.0,1,50000,40000,-0.2239092702722549,1.1598189742983571,4.975529062076321,5.1167492659005696,4.975529062076321,4.975811532775491,-0.223167598786354,31.3078293800354,opt,/media/nyh/Elements/Cryodyna/optpose_release_20260928/full/opt/5deg_seed1
12,5.0,1,50000,40000,-0.2243012530899047,1.145752974507945,4.934435077571417,5.111290972764971,4.934435077571417,4.934724711466951,-0.2232407968854904,31.26822280883789,opt,/media/nyh/Elements/Cryodyna/optpose_release_20260928/full/opt/5deg_seed1
13,5.0,1,50000,40000,-0.225094137134552,1.160377519582686,4.864748119003775,5.283512782340175,4.864748119003775,4.864949666487324,-0.2237664398050308,31.060651302337646,opt,/media/nyh/Elements/Cryodyna/optpose_release_20260928/full/opt/5deg_seed1
14,5.0,1,50000,40000,-0.2266620637416839,1.1559078149748474,4.712048547337581,5.739376283327346,4.712048547337581,4.711924561593426,-0.224569951004982,31.070717334747314,opt,/media/nyh/Elements/Cryodyna/optpose_release_20260928/full/opt/5deg_seed1
15,5.0,1,50000,40000,-0.228024728269577,1.1615299946725923,4.620554407479879,6.157437154134131,4.620554407479879,4.620145318025512,-0.222647221660614,31.27168297767639,opt,/media/nyh/Elements/Cryodyna/optpose_release_20260928/full/opt/5deg_seed1
16,5.0,1,50000,40000,-0.229263216471672,1.14917156337619,4.531226291536058,6.294227850872191,4.531226291536058,4.530858068632782,-0.2265638592052459,30.80756950378418,opt,/media/nyh/Elements/Cryodyna/optpose_release_20260928/full/opt/5deg_seed1
17,5.0,1,50000,40000,-0.2302130408906936,1.1441232531069423,4.535499769068997,6.515226983441478,4.535499769068997,4.534729735109488,-0.2276016616630554,31.01374840736389,opt,/media/nyh/Elements/Cryodyna/optpose_release_20260928/full/opt/5deg_seed1
18,5.0,1,50000,40000,-0.2306119663333893,1.150458501359571,4.523275940239722,6.638248605449863,4.523275940239722,4.522411754475765,-0.2279458722782135,31.368853092193604,opt,/media/nyh/Elements/Cryodyna/optpose_release_20260928/full/opt/5deg_seed1
19,5.0,1,50000,40000,-0.2315294935035705,1.1384844484890422,4.491512811847014,6.736209379832441,4.491512811847014,4.490164640437902,-0.2284210771942138,31.02893352508545,opt,/media/nyh/Elements/Cryodyna/optpose_release_20260928/full/opt/5deg_seed1
20,5.0,1,50000,40000,-0.2320918547725677,1.1511897818497456,4.457048466691599,6.819803850971906,4.457048466691599,4.455211237678765,-0.2289922894763946,31.065099000930783,opt,/media/nyh/Elements/Cryodyna/optpose_release_20260928/full/opt/5deg_seed1
0,10.0,1,50000,40000,-0.1695814665794372,3.5285427133281417,10.000000012089105,10.000006070347752,10.000000012089105,10.0003753707625,,,opt,/media/nyh/Elements/Cryodyna/optpose_release_20260928/full/opt/10deg_seed1
1,10.0,1,50000,40000,-0.1939157449054718,2.693730832201169,10.000180097111684,10.073744478451085,10.000180097111684,10.00055899574922,-0.1848087201738357,30.87234306335449,opt,/media/nyh/Elements/Cryodyna/optpose_release_20260928/full/opt/10deg_seed1
2,10.0,1,50000,40000,-0.1978171555948257,2.5220199182841365,9.99992906140818,10.036912725924047,9.99992906140818,10.000308253672785,-0.1942505507421493,30.688835859298703,opt,/media/nyh/Elements/Cryodyna/optpose_release_20260928/full/opt/10deg_seed1
3,10.0,1,50000,40000,-0.2012331386709213,2.409661950680948,10.000224686043268,10.05244148293466,10.000224686043268,10.00058854199999,-0.1988593663978576,30.986947059631348,opt,/media/nyh/Elements/Cryodyna/optpose_release_20260928/full/opt/10deg_seed1
4,10.0,1,50000,40000,-0.2029673711776733,2.3339388079987744,9.999924171918623,10.040897516976472,9.999924171918623,10.00029447146098,-0.201480583486557,30.68439507484436,opt,/media/nyh/Elements/Cryodyna/optpose_release_20260928/full/opt/10deg_seed1
5,10.0,1,50000,40000,-0.2040999260854721,2.290067748147649,10.000370235948308,10.12132741767174,10.000370235948308,10.000748598163632,-0.2030464179325103,30.962403059005737,opt,/media/nyh/Elements/Cryodyna/optpose_release_20260928/full/opt/10deg_seed1
6,10.0,1,50000,40000,-0.204983146238327,2.2469669872520126,9.998182927298842,10.061876074024925,9.998182927298842,9.998572242593545,-0.2040423979091644,30.98525881767273,opt,/media/nyh/Elements/Cryodyna/optpose_release_20260928/full/opt/10deg_seed1
7,10.0,1,50000,40000,-0.2056448069953918,2.2326471271767057,9.967609999471108,10.079192799247208,9.967609999471108,9.96803001456776,-0.2047300001716613,30.91231203079224,opt,/media/nyh/Elements/Cryodyna/optpose_release_20260928/full/opt/10deg_seed1
8,10.0,1,50000,40000,-0.2067461218547821,2.215994521710912,9.860437657788484,10.257734663665763,9.860437657788484,9.860968363003249,-0.2052658514070511,30.95013236999512,opt,/media/nyh/Elements/Cryodyna/optpose_release_20260928/full/opt/10deg_seed1
9,10.0,1,50000,40000,-0.2087604578113556,2.244286007620348,9.43732297618724,10.401037161340188,9.43732297618724,9.43768214370115,-0.2049615190601348,30.94505834579468,opt,/media/nyh/Elements/Cryodyna/optpose_release_20260928/full/opt/10deg_seed1
10,10.0,1,50000,40000,-0.2128948787593841,2.116813292816384,9.0605735852247,10.689433657149252,9.0605735852247,9.060793534480569,-0.2082574901914596,31.190215587615967,opt,/media/nyh/Elements/Cryodyna/optpose_release_20260928/full/opt/10deg_seed1
11,10.0,1,50000,40000,-0.2173456501293182,1.8397643569530977,8.872798443861141,10.691987096452294,8.872798443861141,8.872205612074357,-0.2121175603914261,30.984912872314453,opt,/media/nyh/Elements/Cryodyna/optpose_release_20260928/full/opt/10deg_seed1
12,10.0,1,50000,40000,-0.2195015668582916,1.7817292862589802,8.556154099215119,10.622442166924792,8.556154099215119,8.555309781181096,-0.2151552789640426,31.099172115325928,opt,/media/nyh/Elements/Cryodyna/optpose_release_20260928/full/opt/10deg_seed1
13,10.0,1,50000,40000,-0.2222276078748703,1.774975502582964,8.066895116497138,10.687535136283907,8.066895116497138,8.064785933626142,-0.2169363735151291,31.013413667678837,opt,/media/nyh/Elements/Cryodyna/optpose_release_20260928/full/opt/10deg_seed1
14,10.0,1,50000,40000,-0.2240891458129882,1.750333198772738,7.669301764662008,10.578022346919376,7.669301764662008,7.666847777514842,-0.218629868478775,30.99229836463928,opt,/media/nyh/Elements/Cryodyna/optpose_release_20260928/full/opt/10deg_seed1
15,10.0,1,50000,40000,-0.2257473883008957,1.737605920839944,7.368153410896266,10.545604413863582,7.368153410896266,7.364718551454552,-0.2199791990852355,30.523728370666504,opt,/media/nyh/Elements/Cryodyna/optpose_release_20260928/full/opt/10deg_seed1
16,10.0,1,50000,40000,-0.226453020863533,1.715972846429457,7.25261966405772,10.476816449119486,7.25261966405772,7.249237489699695,-0.2208474066162109,30.83045172691345,opt,/media/nyh/Elements/Cryodyna/optpose_release_20260928/full/opt/10deg_seed1
17,10.0,1,50000,40000,-0.2268834091091156,1.7137857522637474,7.204028204720151,10.44671116976954,7.204028204720151,7.200588373135105,-0.2213629988908767,30.771510124206543,opt,/media/nyh/Elements/Cryodyna/optpose_release_20260928/full/opt/10deg_seed1
18,10.0,1,50000,40000,-0.2272410004472732,1.7121114979466712,7.166356179358801,10.512059208628523,7.166356179358801,7.163403508170777,-0.2216981874418258,30.849066495895386,opt,/media/nyh/Elements/Cryodyna/optpose_release_20260928/full/opt/10deg_seed1
19,10.0,1,50000,40000,-0.2275661949396133,1.705823851769087,7.135334533696452,10.459145181088536,7.135334533696452,7.132178178567271,-0.2219059870290756,31.080690622329712,opt,/media/nyh/Elements/Cryodyna/optpose_release_20260928/full/opt/10deg_seed1
20,10.0,1,50000,40000,-0.2276541523790359,1.7019889282432403,7.121822787779544,10.47486370485794,7.121822787779544,7.118716517311564,-0.2220488126373291,31.026253938674927,opt,/media/nyh/Elements/Cryodyna/optpose_release_20260928/full/opt/10deg_seed1
0,15.0,1,50000,40000,-0.1601450082063674,3.5285427133408613,15.000000006422002,15.000004044732057,15.000000006422002,15.000569378776964,,,opt,/media/nyh/Elements/Cryodyna/optpose_release_20260928/full/opt/15deg_seed1
1,15.0,1,50000,40000,-0.1816418415355682,2.732079752427432,15.000195755895666,15.098019118598762,15.000195755895666,15.000764556340403,-0.173460089392662,30.965301990509037,opt,/media/nyh/Elements/Cryodyna/optpose_release_20260928/full/opt/15deg_seed1
2,15.0,1,50000,40000,-0.1863074931144714,2.5652333478029257,14.99991705146362,15.049963586796512,14.99991705146362,15.00049590953775,-0.182334237704277,31.285897970199585,opt,/media/nyh/Elements/Cryodyna/optpose_release_20260928/full/opt/15deg_seed1
3,15.0,1,50000,40000,-0.1896001844453811,2.499959925500915,15.000491306970355,15.095718816135452,15.000491306970355,15.00104004838666,-0.1867276431798935,30.89916205406189,opt,/media/nyh/Elements/Cryodyna/optpose_release_20260928/full/opt/15deg_seed1
4,15.0,1,50000,40000,-0.1914481039667129,2.446565817724192,14.999563128394517,15.083456177056382,14.999563128394517,15.000141924071125,-0.1896249857759475,30.67040205001831,opt,/media/nyh/Elements/Cryodyna/optpose_release_20260928/full/opt/15deg_seed1
5,15.0,1,50000,40000,-0.1918245683002472,2.457999005002172,14.99893831775771,15.095363233081356,14.99893831775771,14.999513537509312,-0.1901954162406921,30.87527632713318,opt,/media/nyh/Elements/Cryodyna/optpose_release_20260928/full/opt/15deg_seed1
6,15.0,1,50000,40000,-0.1933789758825302,2.368107153407672,14.972695566977912,15.093326045213251,14.972695566977912,14.973343568829796,-0.1919984591388702,30.83246421813965,opt,/media/nyh/Elements/Cryodyna/optpose_release_20260928/full/opt/15deg_seed1
7,15.0,1,50000,40000,-0.1944420063734054,2.311971090612277,14.918461042670684,15.116009838767832,14.918461042670684,14.919153452385196,-0.1928057766294479,30.55474209785461,opt,/media/nyh/Elements/Cryodyna/optpose_release_20260928/full/opt/15deg_seed1
8,15.0,1,50000,40000,-0.1960996500587463,2.232669089531773,14.779382229926185,15.250810813596434,14.779382229926185,14.780315310109074,-0.1937374471569061,30.80729413032532,opt,/media/nyh/Elements/Cryodyna/optpose_release_20260928/full/opt/15deg_seed1
9,15.0,1,50000,40000,-0.2005778215360641,2.1278947434654394,14.203722484938956,15.38009602260404,14.203722484938956,14.2047717546269,-0.1954050057506561,31.00228500366211,opt,/media/nyh/Elements/Cryodyna/optpose_release_20260928/full/opt/15deg_seed1
10,15.0,1,50000,40000,-0.207241405467987,1.9275905564615,13.250869804425149,15.6188510025164,13.250869804425149,13.251476064427171,-0.199002579536438,31.075122356414795,opt,/media/nyh/Elements/Cryodyna/optpose_release_20260928/full/opt/15deg_seed1
11,15.0,1,50000,40000,-0.2123658548879623,1.6340097080692209,12.624036427029369,15.489753567771292,12.624036427029369,12.623916526484289,-0.2031268740177154,30.7932653427124,opt,/media/nyh/Elements/Cryodyna/optpose_release_20260928/full/opt/15deg_seed1
12,15.0,1,50000,40000,-0.215166945734024,1.54053792214766,12.187527720326017,15.39700044206704,12.187527720326017,12.18613060097636,-0.2071863556861877,30.998586416244507,opt,/media/nyh/Elements/Cryodyna/optpose_release_20260928/full/opt/15deg_seed1
13,15.0,1,50000,40000,-0.2172580344867706,1.4737856591806346,11.854447802261976,15.290611227306496,11.854447802261976,11.851802713643238,-0.2094432155895233,30.99188995361328,opt,/media/nyh/Elements/Cryodyna/optpose_release_20260928/full/opt/15deg_seed1
14,15.0,1,50000,40000,-0.2188348480081558,1.4509065068799902,11.500229058413444,15.128380739380251,11.500229058413444,11.496952568064414,-0.2108438494682312,30.909780025482178,opt,/media/nyh/Elements/Cryodyna/optpose_release_20260928/full/opt/15deg_seed1
15,15.0,1,50000,40000,-0.2213979405689239,1.4278652514882069,10.868145275721073,14.823118005383494,10.868145275721073,10.863242261926011,-0.2123094345998764,31.159380435943604,opt,/media/nyh/Elements/Cryodyna/optpose_release_20260928/full/opt/15deg_seed1
16,15.0,1,50000,40000,-0.2229388622236252,1.3908944006495756,10.576353763590534,14.616693283405995,10.576353763590534,10.571097514128564,-0.2137200008821487,30.883424997329712,opt,/media/nyh/Elements/Cryodyna/optpose_release_20260928/full/opt/15deg_seed1
17,15.0,1,50000,40000,-0.2236382502508163,1.3926723069626268,10.425776761895175,14.484687408945236,10.425776761895175,10.420512851822368,-0.2145565139484405,30.597352981567383,opt,/media/nyh/Elements/Cryodyna/optpose_release_20260928/full/opt/15deg_seed1
18,15.0,1,50000,40000,-0.2237831456041336,1.3686209997353704,10.402351585784496,14.473349417401424,10.402351585784496,10.397529979529336,-0.215027201385498,30.9259774684906,opt,/media/nyh/Elements/Cryodyna/optpose_release_20260928/full/opt/15deg_seed1
19,15.0,1,50000,40000,-0.2244093860054016,1.3628097536696815,10.323877717678606,14.455778630751157,10.323877717678606,10.3186685891276,-0.21545395778656,30.617493152618408,opt,/media/nyh/Elements/Cryodyna/optpose_release_20260928/full/opt/15deg_seed1
20,15.0,1,50000,40000,-0.2247355261182785,1.356881172317001,10.270291329656905,14.409288605987529,10.270291329656905,10.265248009092245,-0.2156455762577057,30.9153048992157,opt,/media/nyh/Elements/Cryodyna/optpose_release_20260928/full/opt/15deg_seed1
0,20.0,1,50000,40000,-0.1500766738414764,3.5285427132834486,20.00000000069578,20.000003027182387,20.00000000069578,20.00077132576494,,,opt,/media/nyh/Elements/Cryodyna/optpose_release_20260928/full/opt/20deg_seed1
1,20.0,1,50000,40000,-0.1685137963581085,2.81973799121255,20.000146153260435,20.088776108211253,20.000146153260435,20.000913492997256,-0.1609175623941421,31.051231622695923,opt,/media/nyh/Elements/Cryodyna/optpose_release_20260928/full/opt/20deg_seed1
2,20.0,1,50000,40000,-0.1734835796689987,2.6997701470843385,19.999924222750742,20.077506875204584,19.999924222750742,20.00070952599612,-0.1688543650007248,31.06391739845276,opt,/media/nyh/Elements/Cryodyna/optpose_release_20260928/full/opt/20deg_seed1
3,20.0,1,50000,40000,-0.1759708972883224,2.6615408130851264,20.000585459372054,20.13485120511449,20.000585459372054,20.001327903103306,-0.1735582347679138,30.93708562850952,opt,/media/nyh/Elements/Cryodyna/optpose_release_20260928/full/opt/20deg_seed1
4,20.0,1,50000,40000,-0.1783909095954895,2.6002415230177727,19.99822551848096,20.114325529565743,19.99822551848096,19.99901180268938,-0.1762796070575714,30.739039421081543,opt,/media/nyh/Elements/Cryodyna/optpose_release_20260928/full/opt/20deg_seed1
5,20.0,1,50000,40000,-0.1794309368944168,2.594455541012882,19.990081365185716,20.1718270213474,19.990081365185716,19.99087479781413,-0.1778243480539321,30.897785186767575,opt,/media/nyh/Elements/Cryodyna/optpose_release_20260928/full/opt/20deg_seed1
6,20.0,1,50000,40000,-0.1803650928258895,2.562283792634988,19.941771378222537,20.15526933999308,19.941771378222537,19.94266742190397,-0.1792533060884475,30.93626642227173,opt,/media/nyh/Elements/Cryodyna/optpose_release_20260928/full/opt/20deg_seed1
7,20.0,1,50000,40000,-0.1819508983945846,2.5681386923092133,19.75898347960828,20.19604553140258,19.75898347960828,19.76035589495141,-0.1796349897241592,30.977399587631226,opt,/media/nyh/Elements/Cryodyna/optpose_release_20260928/full/opt/20deg_seed1
8,20.0,1,50000,40000,-0.185864431233406,2.542754625040128,19.227798760181752,20.552501079989973,19.227798760181752,19.229697921723464,-0.1815711998128891,30.926786184310917,opt,/media/nyh/Elements/Cryodyna/optpose_release_20260928/full/opt/20deg_seed1
9,20.0,1,50000,40000,-0.1925321448564529,2.4874132698523765,18.094486915038622,20.572991137362216,18.094486915038622,18.096409052884237,-0.1849605816411972,30.890159606933597,opt,/media/nyh/Elements/Cryodyna/optpose_release_20260928/full/opt/20deg_seed1
10,20.0,1,50000,40000,-0.1800520069646835,3.045905030853642,17.18382019033697,20.571466331319325,17.18382019033697,17.18523684441418,-0.1877529853582382,30.913994312286377,opt,/media/nyh/Elements/Cryodyna/optpose_release_20260928/full/opt/20deg_seed1
11,20.0,1,50000,40000,-0.2003856838321686,2.5770639491882075,16.301157037584677,20.290923184772037,16.301157037584677,16.299893715695553,-0.1871311324548721,30.98092269897461,opt,/media/nyh/Elements/Cryodyna/optpose_release_20260928/full/opt/20deg_seed1
12,20.0,1,50000,40000,-0.2038265379476547,2.5047760714062046,15.763683230803483,20.01699140148893,15.763683230803483,15.763959299801762,-0.1932644291305542,30.737552881240845,opt,/media/nyh/Elements/Cryodyna/optpose_release_20260928/full/opt/20deg_seed1
13,20.0,1,50000,40000,-0.2063015961885452,2.442247736740086,15.294556582143402,19.989329798817355,15.294556582143402,15.29512160987063,-0.1956370852565765,30.84628963470459,opt,/media/nyh/Elements/Cryodyna/optpose_release_20260928/full/opt/20deg_seed1
14,20.0,1,50000,40000,-0.2071282640028,2.4052686155694745,15.14697413541931,19.91291711964185,15.14697413541931,15.146905698158871,-0.1964002157831192,30.72923755645752,opt,/media/nyh/Elements/Cryodyna/optpose_release_20260928/full/opt/20deg_seed1
15,20.0,1,50000,40000,-0.2084460294628143,2.333821788605876,15.031878655743837,19.8310302473376,15.031878655743837,15.031893791159888,-0.1969786232280731,31.16466522216797,opt,/media/nyh/Elements/Cryodyna/optpose_release_20260928/full/opt/20deg_seed1
16,20.0,1,50000,40000,-0.2098134293794632,2.210590391542903,14.955233054814263,19.79457700634169,14.955233054814263,14.953983578777956,-0.1979470034837722,31.007283687591556,opt,/media/nyh/Elements/Cryodyna/optpose_release_20260928/full/opt/20deg_seed1
17,20.0,1,50000,40000,-0.2109311495065689,2.081468705138686,14.912658617215818,19.76046758132205,14.912658617215818,14.911263113431726,-0.1990450290489196,31.010007619857788,opt,/media/nyh/Elements/Cryodyna/optpose_release_20260928/full/opt/20deg_seed1
18,20.0,1,50000,40000,-0.2131618559360504,1.9025333806365703,14.657472557342397,19.58242584510025,14.657472557342397,14.654578038207442,-0.2003522781801223,30.978933811187744,opt,/media/nyh/Elements/Cryodyna/optpose_release_20260928/full/opt/20deg_seed1
19,20.0,1,50000,40000,-0.2142582617139816,1.802848177768739,14.542893971395964,19.541141116193664,14.542893971395964,14.53922268410198,-0.2016607235956192,31.047690391540527,opt,/media/nyh/Elements/Cryodyna/optpose_release_20260928/full/opt/20deg_seed1
20,20.0,1,50000,40000,-0.2154704743766784,1.714370302809472,14.389819599181516,19.432275073102662,14.389819599181516,14.38482742288576,-0.2026043292045593,31.12645196914673,opt,/media/nyh/Elements/Cryodyna/optpose_release_20260928/full/opt/20deg_seed1
