epoch,n,raw_view_mean_deg,raw_so3_mean_deg,checkpoint,alignment_score,hand_flip,candidate,right_alignment,view_mean_deg,view_median_deg,view_p90_deg,view_fraction_below5,so3_mean_deg
0,100000,0.4904744373861969,0.5663961322121756,/media/nyh/Elements/Cryodyna/optpose_80s_reproduction_20260930/volume_control_full/evaluation/epoch000.npz,0.014078164818485926,False,74,"[[1.0000001519946076, 5.491493815945603e-05, 0.0005325429833353823], [-5.5503530168365955e-05, 0.9999996945037708, 0.0010728950785168223], [-0.0005324440538865272, -0.001072948350204328, 0.9999995662438059]]",0.4927768243487414,0.402336184811575,0.6900059529390538,0.99694,0.5660961896115578
1,100000,0.344872532902865,0.37924924427155216,/media/nyh/Elements/Cryodyna/optpose_80s_reproduction_20260930/volume_control_full/evaluation/epoch001.npz,0.00944632906572801,False,1,"[[0.9999998801316419, 0.0005753996452186882, 1.5593884689080184e-06], [-0.0005753979943845522, 0.9999998083945919, 0.0001329247274810541], [-1.518573875092244e-06, -0.00013292868112024792, 1.0000000540226395]]",0.34658430696987846,0.25130996945135353,0.48625001441273114,0.99747,0.3811107590987546
2,100000,0.2802914186767639,0.31331475617496374,/media/nyh/Elements/Cryodyna/optpose_80s_reproduction_20260930/volume_control_full/evaluation/epoch002.npz,0.007858384420697034,False,88,"[[1.0000000203120232, 0.00027211767759993677, -0.0004139151432207555], [-0.0002718222434314743, 0.9999998321196922, 0.0006814472441041275], [0.00041413860480021825, -0.0006813173677024942, 0.9999997646499881]]",0.28308954429330313,0.19999934291433363,0.37551211181656624,0.99787,0.3144597640281861
3,100000,0.2845573123592543,0.3263591400837209,/media/nyh/Elements/Cryodyna/optpose_80s_reproduction_20260930/volume_control_full/evaluation/epoch003.npz,0.008240178712057438,False,16,"[[1.0000000269498786, -7.468057022341767e-05, -0.0002376967948605202], [7.452123041673531e-05, 0.9999996363405046, -0.0009963673696198327], [0.00023775629278155463, 0.0009964014195666948, 0.9999995273805506]]",0.2890990597799407,0.21938718944679364,0.39359674664089594,0.99837,0.3309464037189389
4,100000,0.29613984719614955,0.33747126907931163,/media/nyh/Elements/Cryodyna/optpose_80s_reproduction_20260930/volume_control_full/evaluation/epoch004.npz,0.008502210618095264,False,16,"[[0.9999995223046085, -0.0010280380441520798, -9.666981723932544e-05], [0.0010279707474394328, 0.9999993310450321, -0.0006518267217270335], [9.729388723123122e-05, 0.0006518049027306461, 0.9999997734279722]]",0.30038012476029163,0.24195294772372433,0.42065941064915424,0.99863,0.3426755989040986
5,100000,0.286988620297492,0.3212949243029416,/media/nyh/Elements/Cryodyna/optpose_80s_reproduction_20260930/volume_control_full/evaluation/epoch005.npz,0.00797797783690757,False,16,"[[1.0000000168891987, -0.00013651915157320005, -0.00024122909370283274], [0.0001366406267617748, 0.999999971717088, 0.0004735324977573896], [0.0002411185315498443, -0.00047348959304827076, 0.9999998406912578]]",0.287636599069691,0.2348669166795384,0.4124958375988529,0.99894,0.3211799290839807
6,100000,0.2645878470146469,0.29142143993474773,/media/nyh/Elements/Cryodyna/optpose_80s_reproduction_20260930/volume_control_full/evaluation/epoch006.npz,0.007276791019731702,False,1,"[[0.9999996429871578, -0.0006587264849033936, 0.0004255123910411607], [0.0006588218757244135, 0.9999997651534409, -0.00016442047386888703], [-0.00042543513033144187, 0.0001647194212683889, 0.9999999243019083]]",0.26608005300971416,0.21522039727496012,0.3972765858034355,0.99911,0.29376867606879403
7,100000,0.24216177833035382,0.26519729434473266,/media/nyh/Elements/Cryodyna/optpose_80s_reproduction_20260930/volume_control_full/evaluation/epoch007.npz,0.006628535128407052,False,33,"[[0.9999996876367857, -0.0007253965754500102, -0.00011266386483388402], [0.0007254252552256202, 0.9999996508181981, 0.00032327284139777035], [0.00011242344547479632, -0.0003233743841759562, 0.9999999359456448]]",0.24360604840559819,0.1940407519369167,0.3751580113391467,0.99929,0.2679190295726904
8,100000,0.22668841404552895,0.24951597574898343,/media/nyh/Elements/Cryodyna/optpose_80s_reproduction_20260930/volume_control_full/evaluation/epoch008.npz,0.006212300590896853,False,65,"[[1.0000001511103536, 4.554884825758165e-05, 0.0001899173979644786], [-4.5674646141691255e-05, 1.0000001081565228, 0.0003925965873889936], [-0.0001899338434085962, -0.0003925714943058267, 1.0000000698318336]]",0.22726001950894567,0.18219380359732096,0.3516577263489956,0.99948,0.24494166189731878
9,100000,0.21687269245406446,0.24042078721275262,/media/nyh/Elements/Cryodyna/optpose_80s_reproduction_20260930/volume_control_full/evaluation/epoch009.npz,0.006035499166012921,False,94,"[[0.9999998512668569, -0.00028798097131321754, 0.0006319305976960621], [0.00028809419811981485, 1.0000000419968842, -0.00021172684962245114], [-0.0006318659760368162, 0.00021193033197242084, 0.9999999193461762]]",0.21863957246905194,0.17819904262902994,0.33754185799022585,0.99961,0.23962776345874576
10,100000,0.2096205643879907,0.23300166562049782,/media/nyh/Elements/Cryodyna/optpose_80s_reproduction_20260930/volume_control_full/evaluation/epoch010.npz,0.005802849729597765,False,47,"[[0.9999999380499967, -0.0005016729160898237, -2.6425574315425138e-06], [0.0005016601409080224, 0.9999998917041912, -6.103568974680229e-05], [2.656041115045582e-06, 6.103619688246908e-05, 0.9999999863020368]]",0.21006984218214234,0.17289719379916843,0.3265596738804861,0.99966,0.2328728050794442
11,100000,0.2037480588721224,0.22593409649744103,/media/nyh/Elements/Cryodyna/optpose_80s_reproduction_20260930/volume_control_full/evaluation/epoch011.npz,0.005734170550104424,False,29,"[[0.9999995685318055, -0.0008159736451992528, -0.0003537067702313046], [0.0008158830484474855, 0.9999996430635345, -0.00029984367896995767], [0.0003539530743784658, 0.00029954518244024175, 0.9999998761785306]]",0.20711446640266254,0.17365003499443804,0.3256823961223891,0.99978,0.2311248930755388
12,100000,0.19919321573896193,0.21992084785327398,/media/nyh/Elements/Cryodyna/optpose_80s_reproduction_20260930/volume_control_full/evaluation/epoch012.npz,0.005499819415593043,False,48,"[[1.0000000749870814, 0.00018666094248809273, -0.0002352955364610665], [-0.0001865670554002108, 1.000000131161181, 0.00025337752843102024], [0.00023519591511345084, -0.0002533638825878981, 0.9999999651460083]]",0.20006611945094238,0.1689562068761833,0.31745748520630596,0.9999,0.21765026587313202
13,100000,0.19510279129243677,0.21470728165613184,/media/nyh/Elements/Cryodyna/optpose_80s_reproduction_20260930/volume_control_full/evaluation/epoch013.npz,0.0053605478162132,False,93,"[[1.0000001059353332, -0.00015462039043945275, -3.5030926164303366e-06], [0.00015463325813946938, 0.9999999919486378, 0.0005054006161087088], [3.396135450195459e-06, -0.0005053858681911549, 0.999999997134779]]",0.1957501793678259,0.16655261109359776,0.31313734145441924,0.9999,0.2113203690247001
14,100000,0.19036597095942598,0.2091679332348454,/media/nyh/Elements/Cryodyna/optpose_80s_reproduction_20260930/volume_control_full/evaluation/epoch014.npz,0.0053640079003916,False,93,"[[0.9999995859192533, -0.0006283265025032181, 0.0008837812268283063], [0.0006279836520421966, 0.9999998887387704, 0.00037663033140500346], [-0.0008840030829295742, -0.0003760329837554366, 0.9999996740229342]]",0.1949735571678564,0.16736007508007583,0.3153802022023408,0.99994,0.21050762085553804
15,100000,0.18473207591362215,0.202878860052638,/media/nyh/Elements/Cryodyna/optpose_80s_reproduction_20260930/volume_control_full/evaluation/epoch015.npz,0.0052235260516783205,False,27,"[[0.9999996441277859, 9.177879732069627e-05, 0.0009441330090171896], [-9.155195965337981e-05, 1.000000037387315, -0.00023180432105074367], [-0.0009441230369806597, 0.00023175364584815394, 0.9999995328365479]]",0.18949883425051406,0.16354177982746534,0.3065092514307676,0.99994,0.2081174907182933
16,100000,0.17894372978761397,0.19649273603072018,/media/nyh/Elements/Cryodyna/optpose_80s_reproduction_20260930/volume_control_full/evaluation/epoch016.npz,0.004969533996211427,False,19,"[[0.9999997450847573, -0.0007794557163398608, 0.00035192707775788534], [0.0007793187276989855, 0.9999998598721929, 0.0002511339923159106], [-0.0003521057253110804, -0.0002508142873467456, 0.9999999935253194]]",0.18115579187524944,0.15591658657333327,0.2960664667248807,0.99995,0.19488044809839622
17,100000,0.17378594035678824,0.19091013040853658,/media/nyh/Elements/Cryodyna/optpose_80s_reproduction_20260930/volume_control_full/evaluation/epoch017.npz,0.004780642306023674,False,21,"[[0.9999999346484048, -0.00019018995301856023, 0.0004451450430114079], [0.00019022948256619543, 1.000000031486171, -3.4965618462834414e-05], [-0.000445175667318054, 3.5022997243672194e-05, 0.9999999417991274]]",0.1744401838733682,0.15107779279785805,0.2854657788357481,0.99997,0.19012233251741797
18,100000,0.16966246054801587,0.18649008399089095,/media/nyh/Elements/Cryodyna/optpose_80s_reproduction_20260930/volume_control_full/evaluation/epoch018.npz,0.004711602625140856,False,19,"[[0.9999998139006085, -0.0006549051551711926, -6.340398581183848e-05], [0.0006548464726794379, 0.9999998462557627, -0.00024176538576026196], [6.356114903294241e-05, 0.0002417422376219669, 1.0000000565404366]]",0.17140857037298363,0.1488521583304244,0.28298378264283897,0.99997,0.18648878655935372
19,100000,0.16636270083879942,0.18282394036513008,/media/nyh/Elements/Cryodyna/optpose_80s_reproduction_20260930/volume_control_full/evaluation/epoch019.npz,0.0046112875090608876,False,19,"[[0.9999999805317192, -0.00035028722485952457, 0.00040958542386437813], [0.000350369935991246, 1.0000000579982395, -0.00027916998735189047], [-0.00040946810001063483, 0.00027933534119650716, 0.9999999826899404]]",0.16775518159108632,0.1463825153562589,0.2775809954586514,0.99997,0.17999197396895153
20,100000,0.1635401350763427,0.1794980786113805,/media/nyh/Elements/Cryodyna/optpose_80s_reproduction_20260930/volume_control_full/evaluation/epoch020.npz,0.004495258121702895,False,46,"[[1.0000001282652793, 0.00013981825995657005, -0.00010819997167343942], [-0.00013980349643816226, 0.9999999657030507, 0.00023046167699547482], [0.00010836165727212688, -0.0002304944048461266, 1.000000075714305]]",0.16402414755872197,0.14385973804986027,0.27154032785526383,0.99998,0.17692037732966567
21,100000,0.16099121699006258,0.17647717913850494,/media/nyh/Elements/Cryodyna/optpose_80s_reproduction_20260930/volume_control_full/evaluation/epoch021.npz,0.0044690678081569304,False,97,"[[1.0000001352105685, -5.6029830204119835e-05, 0.00023612055457011838], [5.587713826848972e-05, 0.9999998465793325, 0.0006886521806609425], [-0.00023616281608607181, -0.0006886830683661138, 0.9999999342607842]]",0.16288516422221597,0.14341848345418065,0.27106925054989117,0.99998,0.17325181279384982
22,100000,0.15861092921166692,0.17375032203430776,/media/nyh/Elements/Cryodyna/optpose_80s_reproduction_20260930/volume_control_full/evaluation/epoch022.npz,0.004451167084694549,False,94,"[[0.9999997418290105, -0.0002739952134440671, 0.0006800211087707453], [0.0002741506353114431, 0.9999999318479738, -0.00032263383637776144], [-0.0006799395446008827, 0.0003228539278701259, 0.9999998027029121]]",0.16163577131905632,0.14308052868173493,0.2686954175818747,0.99998,0.17693697189301966
23,100000,0.15633909720708059,0.17121633405743808,/media/nyh/Elements/Cryodyna/optpose_80s_reproduction_20260930/volume_control_full/evaluation/epoch023.npz,0.00437617946934446,False,94,"[[0.9999998424746268, -0.0005666764367777688, 0.00034792013233886365], [0.0005668189651979461, 0.9999998624054776, -0.00042629861442833317], [-0.00034779120149086573, 0.00042659732422412056, 1.000000013078247]]",0.1589682640877329,0.14103818006126523,0.26611962242265824,0.99998,0.1708323789486624
24,100000,0.15414506359470878,0.16873529597471876,/media/nyh/Elements/Cryodyna/optpose_80s_reproduction_20260930/volume_control_full/evaluation/epoch024.npz,0.0043023539532576075,False,65,"[[0.9999999993557256, 0.0004695837985044804, 0.0001545965110691938], [-0.0004696638898771255, 1.0000000075053768, 0.000249343808954805], [-0.00015451115657505454, -0.00024939143478874826, 1.0000001008423185]]",0.15669575885149276,0.14028793241903958,0.2611629185526419,0.99998,0.16676805584095372
25,100000,0.15207287622727844,0.1662901134174707,/media/nyh/Elements/Cryodyna/optpose_80s_reproduction_20260930/volume_control_full/evaluation/epoch025.npz,0.004180297790324998,False,46,"[[0.9999998834397967, -0.0005469941502589393, -3.417536378025332e-05], [0.0005470406691632235, 0.9999997766134943, -3.915297217815805e-05], [3.421672784398311e-05, 3.9038447262385034e-05, 1.0000000286373067]]",0.15276031150454467,0.13639832786088582,0.25694741444137015,0.99999,0.1674702308011123
26,100000,0.15021914553977228,0.16411342254920372,/media/nyh/Elements/Cryodyna/optpose_80s_reproduction_20260930/volume_control_full/evaluation/epoch026.npz,0.004150884514364237,False,85,"[[1.000000087708024, 0.0003248945823344229, 3.860963676771689e-06], [-0.0003249047780169434, 1.0000000566470817, 0.00025340420481079207], [-3.83451177299321e-06, -0.0002534340715127925, 1.0000001632818694]]",0.15163162383386047,0.13606071492706864,0.2541572232734304,0.99999,0.1594461306056327
27,100000,0.1485442895847336,0.16221351945737394,/media/nyh/Elements/Cryodyna/optpose_80s_reproduction_20260930/volume_control_full/evaluation/epoch027.npz,0.004168039756588959,False,13,"[[0.9999997993680898, -4.1372404541384356e-05, 0.000727766264200902], [4.1122521112768595e-05, 0.9999999645102156, 0.0003839546144028816], [-0.0007277388131186058, -0.00038394686014164847, 0.9999997174704962]]",0.15190363623724498,0.1372978415408075,0.2545529644335203,1.0,0.16471184284073231
28,100000,0.14697824045781865,0.16051753631479018,/media/nyh/Elements/Cryodyna/optpose_80s_reproduction_20260930/volume_control_full/evaluation/epoch028.npz,0.004041544529975377,False,27,"[[0.9999999707659607, 0.00016281660386763264, -3.874142899751298e-05], [-0.000162770218795516, 0.9999998983631194, 0.0003695504819232198], [3.878398314771658e-05, -0.00036958336151238225, 0.9999998992371524]]",0.14777154193969444,0.13329868683913482,0.24957016063385462,1.0,0.16261566132406263
29,100000,0.14548618554513607,0.15894906380975968,/media/nyh/Elements/Cryodyna/optpose_80s_reproduction_20260930/volume_control_full/evaluation/epoch029.npz,0.004031894016694318,False,3,"[[0.9999999422698824, -0.0006161778418416475, 0.0003172050039754737], [0.0006162171270673866, 1.0000000099587183, -8.983532209150269e-05], [-0.00031720890911746125, 9.004765761755351e-05, 1.0000001755771144]]",0.1470894862939522,0.1332213014660948,0.2493431753393483,1.0,0.15233094424477292
30,100000,0.14407473684593008,0.1574323817777904,/media/nyh/Elements/Cryodyna/optpose_80s_reproduction_20260930/volume_control_full/evaluation/epoch030.npz,0.003945512480563413,False,3,"[[0.9999999570809202, -0.0004746754310360757, 1.783712616187927e-05], [0.0004747906280897496, 0.9999999735642788, 0.00017387266067991902], [-1.794270608446169e-05, -0.00017379451097898624, 1.0000001198935597]]",0.1443388093000585,0.13098518589318847,0.24526537419296948,1.0,0.15325961150309397
