id,kind,dataset,accession_or_source,author_or_existing_particles,min_seeds,status,primary_task,source
S1,synthetic,1AKE,local_tutorial,50000,6,inputs_available_protocol_pending,pose_structure,R2
S2,synthetic,80S,DRGN-AI,100000,6,inputs_available_protocol_difference,pose_density,R1
S3,synthetic,1D_motion,DRGN-AI,50000,6,inventory_pending,pose_heterogeneity,R1
S4,synthetic,IgG-1D,CryoBench,100000,6,inventory_pending,pose_heterogeneity_3_noise_conditions,R3
S5,synthetic,IgG-RL,CryoBench,,6,inventory_and_N_pending,heterogeneity,R3
S6,synthetic,Spike-MD,CryoBench,,6,inventory_and_N_pending,heterogeneity,R3
S7,synthetic,Ribosembly,CryoBench,,6,inventory_and_N_pending,composition_density,R3
S8,synthetic,Tomotwin-100,CryoBench,,6,inventory_and_N_pending,composition_density,R3
E1,experimental_spa,spliceosome,EMPIAR-10180,327490,6,inventory_pending,independent_reconstruction,R1_R2
E2,experimental_spa,tri-snRNP,EMPIAR-10073,,6,inventory_and_N_pending,independent_reconstruction,R2
E3,experimental_spa,TRPV1,EMPIAR-10059,,6,inventory_and_N_pending,independent_reconstruction,R2
E4,experimental_spa,alpha-LCT,EMPIAR-10827,,6,inventory_and_N_pending,independent_reconstruction,R2
E5,experimental_spa,assembling_50S,EMPIAR-10076,131899,6,inventory_pending,composition_reconstruction,R1
E6,experimental_spa,SARS-CoV-2_spike,DRGN-AI_official_stack,369429,6,accession_and_inventory_pending,independent_reconstruction,R1
E7,experimental_spa,DSL1-SNARE,EMPIAR-11846,214511,6,inventory_pending,full_stack_and_selected_subset,R1
E8,experimental_spa,V-ATPase,EMPIAR-10874,267216,6,inventory_pending,full_stack_and_selected_subset,R1
E9,experimental_spa,ankyrin-1,EMPIAR-11043,710437,6,inventory_pending,full_stack_and_validation_subset,R1
E10,experimental_sta,M_pneumoniae_70S,EMPIAR-10499,18466,6,adapter_and_inventory_pending,STA_full_paper_coverage,R1
