phase,stage,n,view_mean_deg,so3_mean_deg,view_p90_deg,raw_view_mean_deg,raw_so3_mean_deg,checkpoint
Grid search,0,64,6.3448113645651985,7.358135267746116,9.83910577493594,6.348757965595047,7.330845510199824,/media/nyh/Elements/Cryodyna/optpose_80s_reproduction_20260930/volume_control_pilot_trace/search/stage00.npz
Grid search,1,64,3.088590851030514,3.8580266480223266,4.9734354441228295,2.9962342912469895,3.7281686582039635,/media/nyh/Elements/Cryodyna/optpose_80s_reproduction_20260930/volume_control_pilot_trace/search/stage01.npz
Grid search,2,64,1.5831001163102227,1.8752552996158003,2.327728475193089,1.5200716453556518,1.8110574697516386,/media/nyh/Elements/Cryodyna/optpose_80s_reproduction_20260930/volume_control_pilot_trace/search/stage02.npz
Grid search,3,64,0.6935577795484957,0.8634727067889707,1.1484200686551214,0.7018333417567251,0.8692834927212688,/media/nyh/Elements/Cryodyna/optpose_80s_reproduction_20260930/volume_control_pilot_trace/search/stage03.npz
Grid search,4,64,0.40679817291054593,0.4833769155613995,0.6055105213289531,0.40627635283001046,0.4771390724911554,/media/nyh/Elements/Cryodyna/optpose_80s_reproduction_20260930/volume_control_pilot_trace/search/stage04.npz
Adam,1,64,0.2351077957065012,0.2775228094769067,0.36659876286537235,0.23731885996429958,0.27730411572233665,/media/nyh/Elements/Cryodyna/optpose_80s_reproduction_20260930/volume_control_pilot_trace/evaluation/epoch001.npz
Adam,2,64,0.2006442112318244,0.2311101969169438,0.31868266608247936,0.19706914262114258,0.23067203605934952,/media/nyh/Elements/Cryodyna/optpose_80s_reproduction_20260930/volume_control_pilot_trace/evaluation/epoch002.npz
Adam,3,64,0.23608989486839782,0.2773031858478867,0.41482175110418124,0.23117037392331075,0.2739702088362739,/media/nyh/Elements/Cryodyna/optpose_80s_reproduction_20260930/volume_control_pilot_trace/evaluation/epoch003.npz
Adam,4,64,0.26487349328630916,0.3008582827782976,0.46726966366161704,0.26468883915376945,0.3034290562276215,/media/nyh/Elements/Cryodyna/optpose_80s_reproduction_20260930/volume_control_pilot_trace/evaluation/epoch004.npz
Adam,5,64,0.2614898528462849,0.28863297373708907,0.47490977026748654,0.26307200258859664,0.29145489373662054,/media/nyh/Elements/Cryodyna/optpose_80s_reproduction_20260930/volume_control_pilot_trace/evaluation/epoch005.npz
Adam,6,64,0.23767929922128295,0.265242965905905,0.44165096087958555,0.238708825508064,0.26178754041815,/media/nyh/Elements/Cryodyna/optpose_80s_reproduction_20260930/volume_control_pilot_trace/evaluation/epoch006.npz
Adam,7,64,0.20844624765023823,0.23566532561587816,0.39946334811238204,0.2092921519190137,0.23384087341302884,/media/nyh/Elements/Cryodyna/optpose_80s_reproduction_20260930/volume_control_pilot_trace/evaluation/epoch007.npz
Adam,8,64,0.18893356260379623,0.2157235118926761,0.35672743649219246,0.18916879442131143,0.21436275177593242,/media/nyh/Elements/Cryodyna/optpose_80s_reproduction_20260930/volume_control_pilot_trace/evaluation/epoch008.npz
Adam,9,64,0.17437279263889913,0.19930150579221984,0.2933916153557607,0.17429347980815474,0.19818368760661603,/media/nyh/Elements/Cryodyna/optpose_80s_reproduction_20260930/volume_control_pilot_trace/evaluation/epoch009.npz
Adam,10,64,0.16540808209405317,0.187792506317883,0.2765510895616839,0.16581948864828738,0.18874087372382303,/media/nyh/Elements/Cryodyna/optpose_80s_reproduction_20260930/volume_control_pilot_trace/evaluation/epoch010.npz
Adam,11,64,0.16862242417237405,0.19214736433342122,0.2778210104033545,0.1672784357183178,0.18933653230559908,/media/nyh/Elements/Cryodyna/optpose_80s_reproduction_20260930/volume_control_pilot_trace/evaluation/epoch011.npz
Adam,12,64,0.1734148596502244,0.19097989460501577,0.26733862373468914,0.17042340766860598,0.19161089209286233,/media/nyh/Elements/Cryodyna/optpose_80s_reproduction_20260930/volume_control_pilot_trace/evaluation/epoch012.npz
Adam,13,64,0.1684410479002975,0.1865779246528115,0.2545439148533021,0.17122521027783677,0.19445569129698997,/media/nyh/Elements/Cryodyna/optpose_80s_reproduction_20260930/volume_control_pilot_trace/evaluation/epoch013.npz
Adam,14,64,0.16566990231923134,0.18799528532994791,0.2547802340559179,0.1677088232774064,0.19207080066084925,/media/nyh/Elements/Cryodyna/optpose_80s_reproduction_20260930/volume_control_pilot_trace/evaluation/epoch014.npz
Adam,15,64,0.16011477105081112,0.1837003342111194,0.2729794259293642,0.16058204634598683,0.18317662764653259,/media/nyh/Elements/Cryodyna/optpose_80s_reproduction_20260930/volume_control_pilot_trace/evaluation/epoch015.npz
Adam,16,64,0.15779483200204636,0.1714370043412034,0.2679205668950723,0.15487892677211473,0.17394494048506343,/media/nyh/Elements/Cryodyna/optpose_80s_reproduction_20260930/volume_control_pilot_trace/evaluation/epoch016.npz
Adam,17,64,0.15396224158244542,0.1685737987369971,0.277889765071182,0.1536688401127529,0.16993623366251226,/media/nyh/Elements/Cryodyna/optpose_80s_reproduction_20260930/volume_control_pilot_trace/evaluation/epoch017.npz
Adam,18,64,0.1564124181002321,0.1710033930817602,0.2898463612922893,0.1575349878826241,0.17344339914710366,/media/nyh/Elements/Cryodyna/optpose_80s_reproduction_20260930/volume_control_pilot_trace/evaluation/epoch018.npz
Adam,19,64,0.16400549250426036,0.18130795059680418,0.30487185435870434,0.16028003533423069,0.17677752431846389,/media/nyh/Elements/Cryodyna/optpose_80s_reproduction_20260930/volume_control_pilot_trace/evaluation/epoch019.npz
Adam,20,64,0.1600773032625516,0.1755888768505358,0.28942691429283074,0.1605508564302784,0.17821006033308223,/media/nyh/Elements/Cryodyna/optpose_80s_reproduction_20260930/volume_control_pilot_trace/evaluation/epoch020.npz
Adam,21,64,0.15707007266326273,0.1798893197858471,0.2820664540256716,0.16016925609958965,0.17794671309874982,/media/nyh/Elements/Cryodyna/optpose_80s_reproduction_20260930/volume_control_pilot_trace/evaluation/epoch021.npz
Adam,22,64,0.15802628123983228,0.17776643804303818,0.2727845447247733,0.15884220033275953,0.1759695522509076,/media/nyh/Elements/Cryodyna/optpose_80s_reproduction_20260930/volume_control_pilot_trace/evaluation/epoch022.npz
Adam,23,64,0.15888130020605848,0.1758566558915384,0.2720577115176064,0.15624539284742417,0.17107790625702307,/media/nyh/Elements/Cryodyna/optpose_80s_reproduction_20260930/volume_control_pilot_trace/evaluation/epoch023.npz
Adam,24,64,0.15219555900738285,0.1691947638377171,0.27112074966633604,0.1515874072521725,0.1656301014983462,/media/nyh/Elements/Cryodyna/optpose_80s_reproduction_20260930/volume_control_pilot_trace/evaluation/epoch024.npz
Adam,25,64,0.145765526140627,0.15983839028086197,0.25913856787784273,0.14624764020225836,0.15993955099269463,/media/nyh/Elements/Cryodyna/optpose_80s_reproduction_20260930/volume_control_pilot_trace/evaluation/epoch025.npz
Adam,26,64,0.14601170605311897,0.15255270103633367,0.25636926168921464,0.14272332732385012,0.15510031506752198,/media/nyh/Elements/Cryodyna/optpose_80s_reproduction_20260930/volume_control_pilot_trace/evaluation/epoch026.npz
Adam,27,64,0.14207718014075393,0.15345135512915692,0.22277662448608923,0.1399402392685247,0.15237064203421258,/media/nyh/Elements/Cryodyna/optpose_80s_reproduction_20260930/volume_control_pilot_trace/evaluation/epoch027.npz
Adam,28,64,0.13883806403000332,0.15187653078367652,0.22656936019377583,0.13636015919665265,0.14875542176086118,/media/nyh/Elements/Cryodyna/optpose_80s_reproduction_20260930/volume_control_pilot_trace/evaluation/epoch028.npz
Adam,29,64,0.13401751439352322,0.14697704138098702,0.22110740134796722,0.13319178777830548,0.14627559658245404,/media/nyh/Elements/Cryodyna/optpose_80s_reproduction_20260930/volume_control_pilot_trace/evaluation/epoch029.npz
Adam,30,64,0.13026930427723404,0.13864983936889508,0.22923712346177702,0.13210051092693248,0.14577992398196638,/media/nyh/Elements/Cryodyna/optpose_80s_reproduction_20260930/volume_control_pilot_trace/evaluation/epoch030.npz
