method,epoch,pose_deg,pose_p90_deg
CryoDyna-optpose,0,81.05969652307643,166.54385490452384
CryoDyna-optpose,1,80.37823486652248,165.24882084774538
CryoDyna-optpose,2,80.34075677184642,164.88510481668277
CryoDyna-optpose,3,80.31215852016182,164.9768948581628
CryoDyna-optpose,4,80.28145092792066,164.98133599437693
CryoDyna-optpose,5,80.25718117131616,165.0183472382581
Random SO(3),0,132.12821302913946,174.88502559871853
DRGN-AI,1,112.86196990117008,170.93736654460085
DRGN-AI,2,115.95243523017783,172.91837755995965
DRGN-AI,3,112.66889226228328,170.05870208473735
DRGN-AI,4,109.82376490636058,168.42386593619088
DRGN-AI,5,112.86482238539304,169.69544243174312
DRGN-AI,6,110.74437208073817,169.55231441972813
DRGN-AI,7,106.86794962532522,170.52829877681577
DRGN-AI,8,109.2531592734144,169.27780851383102
DRGN-AI,9,101.75419352112692,168.343742304354
DRGN-AI,10,105.26299891613232,167.1361528184786
DRGN-AI,11,106.97926620589344,172.95899399921143
DRGN-AI,12,106.97926437313157,172.95900845515624
DRGN-AI,13,106.98411330438654,172.82425488809903
DRGN-AI,14,107.00007844094814,172.05251219247432
DRGN-AI,15,106.97460662195476,171.81112430862143
DRGN-AI,16,106.87312693115682,171.26282440377992
DRGN-AI,17,107.06657107800025,172.24123683338868
DRGN-AI,18,107.6770173631439,172.78444991279662
DRGN-AI,19,107.20999683397744,172.26045303607026
DRGN-AI,20,107.24904606287849,172.99690993887546
DRGN-AI,21,107.35595244065524,171.73706790391256
DRGN-AI,22,107.27176231831241,172.02807488919032
DRGN-AI,23,107.04155291582987,171.62026053893308
DRGN-AI,24,107.41096509454476,171.08283258741537
DRGN-AI,25,106.82316859807933,172.2062317340323
DRGN-AI,26,107.45699248360043,171.71788252209632
DRGN-AI,27,107.26497086896526,172.71650960325204
DRGN-AI,28,107.39863822335056,171.86258265124144
DRGN-AI,29,107.39756386901868,170.24963115725768
DRGN-AI,30,107.2830495714939,169.99417320349056
DRGN-AI,31,107.48600764258049,170.8718736428723
